description,rouge1,rouge2,rougeL,crypto_score,response_time,combined_score
Flan-T5 (base),0.34511017041137526,0.19035861258083478,0.337078041897319,0.16666666666666666,2.509920914967855,0.28595462932812327
Llama 3.3 (70B),0.11194302045272447,0.05751086936733415,0.09385392517041324,0.9,2.338709513346354,0.3356977476192893
Llama 4 Scout,0.01687763713080169,0.0,0.01687763713080169,0.0,0.0,0.011814345991561183
Qwen QwQ-32B,0.04858706462391299,0.026898730779102927,0.04019544423949321,1.0,4.088065067927043,0.32813681096764524
